{"count":1,"self":27.8404192,"total":28.0334303,"children":{"InitializeActuators":{"count":2,"self":0.0009998,"total":0.0009998,"children":null},"InitializeSensors":{"count":2,"self":0.0009985,"total":0.0009985,"children":null},"AgentSendState":{"count":881,"self":0.0020001,"total":0.014000199999999999,"children":{"CollectObservations":{"count":354,"self":0.00099969999999999985,"total":0.00099969999999999985,"children":null},"WriteActionMask":{"count":354,"self":0.0010004999999999999,"total":0.0010004999999999999,"children":null},"RequestDecision":{"count":354,"self":0.0099998999999999991,"total":0.0099998999999999991,"children":null}}},"DecideAction":{"count":881,"self":0.1640138,"total":0.1640138,"children":null},"AgentAct":{"count":881,"self":0.0129999,"total":0.0129999,"children":null}},"gauges":{"Test.CumulativeReward":{"count":4,"max":0.909999967,"min":-1.38000011,"runningAverage":0.130000174,"value":0.909999967,"weightedAverage":0.3714064}},"metadata":{"timer_format_version":"0.1.0","start_time_seconds":"1718331121","unity_version":"2022.3.10f1","command_line_arguments":"C:\\Program Files\\Unity\\Hub\\Editor\\2022.3.10f1\\Editor\\Unity.exe -projectpath C:\\Users\\s20227017\\AI -useHub -hubIPC -cloudEnvironment production -licensingIpc LicenseClient-s20227017 -hubSessionId a90e5869-df03-453d-99ef-ee505c8da261 -accessToken LFi3IhgdAlspaEWhrS0-G_rV1Z15RqeZeWhO0cQ7OcQ00ef","communication_protocol_version":"1.5.0","com.unity.ml-agents_version":"2.2.1-exp.1","scene_name":"ElementaryLevel","end_time_seconds":"1718331149"}}