{"count":1,"self":405.8109184,"total":2125.6382681,"children":{"InitializeActuators":{"count":160,"self":0.0010011,"total":0.0010011,"children":null},"InitializeSensors":{"count":160,"self":0.0020020999999999997,"total":0.0020020999999999997,"children":null},"AgentSendState":{"count":187384,"self":6.5444879999999994,"total":49.4504757,"children":{"CollectObservations":{"count":5997920,"self":19.2554752,"total":19.2554756,"children":null},"WriteActionMask":{"count":5997920,"self":1.0831749,"total":1.0831749,"children":null},"RequestDecision":{"count":5997920,"self":5.6710536,"total":22.567337,"children":{"AgentInfo.ToProto":{"count":5997920,"self":4.3905628,"total":16.896283399999998,"children":{"GenerateSensorData":{"count":5997920,"self":12.505720799999999,"total":12.5057206,"children":null}}}}}}},"DecideAction":{"count":187384,"self":1535.8942207999999,"total":1535.8942373999998,"children":null},"AgentAct":{"count":187384,"self":134.0656768,"total":134.0717593,"children":{"AgentInfo.ToProto":{"count":794,"self":0,"total":0.0060808999999999993,"children":{"GenerateSensorData":{"count":794,"self":0.0060808999999999993,"total":0.0060808999999999993,"children":null}}}}},"AgentInfo.ToProto":{"count":56574,"self":0.1307576,"total":0.4068633,"children":{"GenerateSensorData":{"count":56574,"self":0.2761057,"total":0.2761057,"children":null}}}},"gauges":{"Test.CumulativeReward":{"count":57368,"max":1.79,"min":-83.9295044,"runningAverage":-2.46091318,"value":0.520000339,"weightedAverage":-1.11948252}},"metadata":{"timer_format_version":"0.1.0","start_time_seconds":"1716873672","unity_version":"2022.3.10f1","command_line_arguments":"C:\\Program Files\\Unity\\Hub\\Editor\\2022.3.10f1\\Editor\\Unity.exe -projectpath C:\\Users\\s20227017\\AI -useHub -hubIPC -cloudEnvironment production -licensingIpc LicenseClient-s20227017 -hubSessionId ed045e62-d5d2-43f3-aa56-2dfaa36e1d95 -accessToken EN4zNvLN2BJY8QDewjurD8LJMa-lrYEHTafmHxl0xH800ef","communication_protocol_version":"1.5.0","com.unity.ml-agents_version":"2.2.1-exp.1","scene_name":"LearningScene","end_time_seconds":"1716875798"}}